KeyValuePair`2,KeyValuePair`2.key,KeyValuePair`2.value,KeyValuePair`2.Key,KeyValuePair`2.Value
"[1, 8]",1,8,1,8
"[2, 4]",2,4,2,4
"[3, 10]",3,10,3,10
"[4, 10]",4,10,4,10
"[5, 4]",5,4,5,4
"[6, 6]",6,6,6,6
"[7, 10]",7,10,7,10
"[8, 4]",8,4,8,4
"[9, 10]",9,10,9,10
"[12, 3]",12,3,12,3
"[13, 7]",13,7,13,7
"[14, 5]",14,5,14,5
"[15, 7]",15,7,15,7
"[16, 8]",16,8,16,8
"[17, 1]",17,1,17,1
"[18, 5]",18,5,18,5
"[21, 2]",21,2,21,2
"[22, 2]",22,2,22,2
"[23, 1]",23,1,23,1
"[25, 8]",25,8,25,8
"[26, 7]",26,7,26,7
"[27, 10]",27,10,27,10
"[28, 7]",28,7,28,7
"[29, 1]",29,1,29,1
"[30, 10]",30,10,30,10
"[31, 8]",31,8,31,8
"[32, 10]",32,10,32,10
"[33, 10]",33,10,33,10
"[34, 10]",34,10,34,10
"[36, 9]",36,9,36,9
"[37, 6]",37,6,37,6
"[38, 1]",38,1,38,1
"[39, 5]",39,5,39,5
"[40, 2]",40,2,40,2
"[41, 4]",41,4,41,4
"[42, 7]",42,7,42,7
"[43, 4]",43,4,43,4
"[44, 1]",44,1,44,1
"[45, 4]",45,4,45,4
"[46, 3]",46,3,46,3
"[47, 1]",47,1,47,1
"[48, 1]",48,1,48,1
"[50, 6]",50,6,50,6
"[51, 10]",51,10,51,10
"[52, 10]",52,10,52,10
"[53, 10]",53,10,53,10
"[55, 10]",55,10,55,10
"[56, 4]",56,4,56,4
"[57, 1]",57,1,57,1
"[58, 8]",58,8,58,8
"[59, 1]",59,1,59,1
"[60, 2]",60,2,60,2
"[61, 1]",61,1,61,1
"[62, 3]",62,3,62,3
"[63, 5]",63,5,63,5
"[64, 1]",64,1,64,1
"[65, 1]",65,1,65,1
"[66, 1]",66,1,66,1
"[67, 3]",67,3,67,3
"[69, 1]",69,1,69,1
"[70, 1]",70,1,70,1
"[72, 9]",72,9,72,9
"[73, 10]",73,10,73,10
"[74, 10]",74,10,74,10
"[75, 10]",75,10,75,10
"[77, 10]",77,10,77,10
"[79, 10]",79,10,79,10
"[80, 2]",80,2,80,2
"[81, 5]",81,5,81,5
"[82, 9]",82,9,82,9
"[83, 10]",83,10,83,10
"[84, 1]",84,1,84,1
"[85, 8]",85,8,85,8
"[86, 8]",86,8,86,8
"[87, 8]",87,8,87,8
"[88, 6]",88,6,88,6
"[90, 2]",90,2,90,2
"[91, 1]",91,1,91,1
"[92, 2]",92,2,92,2
"[93, 2]",93,2,93,2
"[94, 1]",94,1,94,1
"[96, 10]",96,10,96,10
"[97, 2]",97,2,97,2
"[98, 5]",98,5,98,5
"[100, 10]",100,10,100,10
"[101, 3]",101,3,101,3
"[102, 10]",102,10,102,10
"[103, 1]",103,1,103,1
"[104, 4]",104,4,104,4
"[105, 3]",105,3,105,3
"[107, 1]",107,1,107,1
"[108, 8]",108,8,108,8
"[109, 3]",109,3,109,3
"[110, 3]",110,3,110,3
"[111, 4]",111,4,111,4
"[112, 3]",112,3,112,3
"[114, 1]",114,1,114,1
"[117, 1]",117,1,117,1
"[118, 8]",118,8,118,8
"[119, 6]",119,6,119,6
"[120, 10]",120,10,120,10
"[121, 7]",121,7,121,7
"[122, 7]",122,7,122,7
"[123, 1]",123,1,123,1
"[124, 8]",124,8,124,8
"[125, 5]",125,5,125,5
"[126, 10]",126,10,126,10
"[127, 1]",127,1,127,1
"[129, 1]",129,1,129,1
"[130, 6]",130,6,130,6
"[131, 1]",131,1,131,1
"[132, 6]",132,6,132,6
"[133, 4]",133,4,133,4
"[134, 2]",134,2,134,2
"[135, 3]",135,3,135,3
"[136, 1]",136,1,136,1
"[137, 1]",137,1,137,1
"[139, 8]",139,8,139,8
"[140, 10]",140,10,140,10
"[141, 8]",141,8,141,8
"[143, 10]",143,10,143,10
"[144, 10]",144,10,144,10
"[145, 5]",145,5,145,5
"[146, 1]",146,1,146,1
"[147, 10]",147,10,147,10
"[148, 8]",148,8,148,8
"[149, 4]",149,4,149,4
"[150, 7]",150,7,150,7
"[151, 4]",151,4,151,4
"[152, 6]",152,6,152,6
"[153, 4]",153,4,153,4
"[154, 3]",154,3,154,3
"[155, 3]",155,3,155,3
"[156, 3]",156,3,156,3
"[157, 3]",157,3,157,3
"[158, 3]",158,3,158,3
"[159, 1]",159,1,159,1
"[162, 10]",162,10,162,10
"[163, 10]",163,10,163,10
"[164, 6]",164,6,164,6
"[165, 10]",165,10,165,10
"[166, 9]",166,9,166,9
"[167, 10]",167,10,167,10
"[168, 2]",168,2,168,2
"[169, 10]",169,10,169,10
"[170, 10]",170,10,170,10
"[171, 6]",171,6,171,6
"[172, 8]",172,8,172,8
"[173, 6]",173,6,173,6
"[174, 8]",174,8,174,8
"[175, 7]",175,7,175,7
"[176, 2]",176,2,176,2
"[178, 7]",178,7,178,7
"[181, 3]",181,3,181,3
"[182, 1]",182,1,182,1
"[183, 2]",183,2,183,2
"[184, 1]",184,1,184,1
"[187, 10]",187,10,187,10
"[188, 6]",188,6,188,6
"[189, 10]",189,10,189,10
"[190, 9]",190,9,190,9
"[192, 10]",192,10,192,10
"[193, 10]",193,10,193,10
"[194, 10]",194,10,194,10
"[195, 8]",195,8,195,8
"[196, 2]",196,2,196,2
"[197, 6]",197,6,197,6
"[198, 3]",198,3,198,3
"[199, 1]",199,1,199,1
"[200, 2]",200,2,200,2
"[202, 4]",202,4,202,4
"[204, 2]",204,2,204,2
"[205, 1]",205,1,205,1
"[208, 6]",208,6,208,6
"[209, 6]",209,6,209,6
"[210, 4]",210,4,210,4
"[211, 4]",211,4,211,4
"[212, 10]",212,10,212,10
"[213, 1]",213,1,213,1
"[214, 7]",214,7,214,7
"[215, 5]",215,5,215,5
"[216, 2]",216,2,216,2
"[217, 6]",217,6,217,6
"[218, 3]",218,3,218,3
"[219, 3]",219,3,219,3
"[220, 1]",220,1,220,1
"[222, 1]",222,1,222,1
